{
  "sceneId": "demo-001",
  "background": "#111111",
  "lighting": {
    "ambient": { "color": "#ffffff", "intensity": 0.3 },
    "directional": {
      "color": "#ffffff",
      "intensity": 0.8,
      "position": { "x": 10, "y": 20, "z": 30 }
    }
  },
  "objects": [
    {
      "id": "obj-1",
      "name": "TorusKnot",
      "visible": true,
      "type": "torusKnot",
      "transform": {
        "position": { "x": 0, "y": 0, "z": 0 },
        "rotation": { "x": 0, "y": 0, "z": 0 },
        "scale": { "x": 1, "y": 1, "z": 1 }
      },
      "geometry": {
        "radius": 10,
        "tube": 3,
        "tubularSegments": 100,
        "radialSegments": 16,
        "p": 2,
        "q": 3
      },
      "material": {
        "type": "standard",
        "color": "#ff00ff",
        "metalness": 1,
        "roughness": 0
      },
      "animation": {}
    }
  ]
}